{
    "loss": 17.254268646240234,
    "accuracy": 0.25368332862854004
}