{
    "loss": 24.71552085876465,
    "accuracy": 0.8458461165428162
}